Rk,Pos,Age,G,GS,MP,FG,FGA,3P,3PA,2P,2PA,FT,FTA,ORB,DRB,TRB,AST,STL,BLK,TOV,PF,PS/G??
1,3,27.0,0.9985657868605985,79,34.2,10.2,20.2,H,11.2,H,9.0,4.6,5.1,0.9,4.6,5.4,6.7,2.1,0.2,3.3,2.0,30.1
2,5,26.0,1.1222819020468673,82,38.1,8.7,19.7,M,8.0,H,11.7,8.8,10.2,0.8,5.3,6.1,7.5,1.7,0.6,4.6,2.8,29.0
3,4,27.0,0.7098948514259712,72,35.8,9.7,19.2,M,6.7,H,12.5,6.2,6.9,0.6,7.6,8.2,5.0,1.0,1.2,3.5,1.9,28.2
4,0,25.0,0.4212239159913439,65,34.6,9.2,20.5,L,3.2,H,17.3,7.3,10.2,2.4,9.1,11.5,3.3,1.6,1.4,3.8,3.6,26.9
5,4,31.0,0.8748496716743296,76,35.6,9.7,18.6,L,3.7,H,14.9,4.7,6.5,1.5,6.0,7.4,6.8,1.4,0.6,3.3,1.9,25.3
6,3,25.0,0.83361096661224,75,35.7,8.2,19.7,M,8.1,H,11.5,5.5,6.2,0.6,3.4,4.0,6.8,0.9,0.4,3.2,2.2,25.1
7,1,22.0,0.25626909574298545,61,35.5,9.2,18.6,L,1.8,H,16.9,5.3,7.0,2.1,8.1,10.3,1.9,1.3,2.0,2.0,2.4,24.3
8,5,26.0,0.9573270817985089,78,35.9,7.9,17.7,L,1.8,H,15.9,7.1,8.4,0.8,3.7,4.5,4.0,1.0,0.3,2.2,2.1,23.5
9,3,27.0,1.039804491922688,80,34.4,8.2,18.1,L,4.3,H,13.8,5.8,7.2,1.8,6.0,7.8,10.4,2.0,0.3,4.3,2.5,23.5
10,4,25.0,1.0810431969847776,81,34.8,7.5,17.9,M,7.0,H,10.9,5.6,6.5,1.0,6.0,7.0,4.1,1.9,0.4,3.3,2.8,23.1
11,3,26.0,1.1222819020468673,79,32.2,7.2,16.9,M,5.7,H,11.2,5.8,6.6,0.6,2.4,3.0,6.2,1.1,0.1,2.7,2.0,22.2
12,5,25.0,1.039804491922688,80,33.3,8.1,17.3,H,8.1,H,9.2,2.4,2.8,0.4,3.4,3.8,2.1,0.8,0.6,1.7,1.9,22.1
13,4,31.0,0.7098948514259712,72,35.1,7.9,18.2,L,4.3,H,13.8,4.6,5.6,1.4,6.4,7.7,4.2,0.9,0.5,2.4,2.5,21.8
14,1,26.0,-0.8159372358713444,35,33.4,8.6,17.2,L,0.5,H,16.7,4.0,5.5,1.5,6.9,8.4,4.9,0.8,0.5,2.4,2.7,21.4
15,4,24.0,0.7098948514259712,72,33.1,7.7,15.1,M,4.0,H,11.1,4.1,4.6,1.3,5.5,6.8,2.6,1.8,1.0,1.5,1.8,21.2
16,3,29.0,0.9160883767364192,77,37.0,6.6,15.6,M,7.1,H,8.5,5.2,6.4,0.7,4.0,4.7,6.4,2.1,0.4,2.9,2.7,21.2
17,5,26.0,0.5037013261155231,67,36.9,7.0,15.4,L,3.1,H,12.4,5.9,7.1,1.2,4.2,5.3,4.8,1.6,0.6,2.0,1.9,20.9
18,3,25.0,1.0810431969847776,81,35.6,7.0,16.4,M,6.0,H,10.4,4.6,5.4,0.7,3.7,4.4,5.2,1.6,0.5,2.1,1.4,20.9
19,5,24.0,1.039804491922688,80,34.8,8.0,17.9,M,5.9,H,12.0,2.3,2.8,0.6,2.7,3.2,4.3,1.2,0.3,2.5,2.3,20.8
20,4,20.0,1.0810431969847776,81,35.1,7.3,16.0,L,2.3,H,13.6,5.3,7.0,1.3,2.3,3.6,2.0,1.0,0.6,2.2,2.0,20.7
21,0,27.0,0.7511335564880608,73,33.7,8.1,15.8,L,0.2,H,15.7,4.3,5.5,2.8,5.1,7.8,2.0,0.8,1.7,2.4,2.9,20.6
22,3,26.0,-0.9808920561197029,31,34.2,7.2,15.9,L,4.2,H,11.7,4.5,5.5,0.6,3.5,4.0,6.1,2.0,0.6,3.5,2.4,20.4
23,3,25.0,0.9160883767364192,77,36.2,7.4,17.5,L,4.3,H,13.3,3.5,4.5,0.5,4.4,4.9,10.2,1.9,0.8,4.1,2.1,19.9
24,4,25.0,1.039804491922688,80,36.2,6.5,15.0,M,5.1,H,9.9,4.9,6.0,0.8,4.2,5.0,3.7,1.2,0.3,2.5,2.3,19.7
25,3,23.0,-0.0736405447537314,53,31.5,7.4,16.6,L,4.9,H,11.6,3.2,3.6,0.8,2.1,3.0,4.7,1.1,0.3,2.3,2.0,19.6
26,5,24.0,-0.11487924981582101,50,36.0,7.1,17.2,M,6.8,H,10.5,3.0,3.5,0.7,3.2,3.9,5.1,1.2,0.4,3.4,2.4,19.6
27,4,27.0,-0.0736405447537314,53,34.7,5.4,13.2,L,4.5,H,8.7,7.1,8.2,1.0,4.3,5.3,2.5,0.8,0.4,1.5,1.6,19.5
28,3,30.0,0.7923722615501504,74,32.7,7.0,15.1,L,4.4,H,10.6,4.0,4.4,0.5,3.7,4.2,10.0,2.1,0.2,2.6,2.5,19.5
29,1,31.0,-0.0736405447537314,53,33.5,6.8,14.5,L,4.2,H,10.3,4.0,5.1,0.9,6.5,7.4,2.4,0.7,0.6,1.5,1.9,19.1
30,5,34.0,0.7923722615501504,73,30.5,7.3,16.0,L,0.6,H,15.4,4.4,5.5,1.1,3.0,4.1,4.6,1.1,0.6,2.7,1.6,19.0
31,3,25.0,0.9985657868605985,79,30.7,6.8,15.7,L,4.2,H,11.5,3.7,4.3,0.7,2.5,3.2,6.2,0.7,0.1,2.8,2.4,18.8
32,1,37.0,0.83361096661224,75,31.5,6.6,14.8,L,4.6,H,10.3,3.3,3.7,0.7,5.8,6.5,1.8,0.7,0.7,1.1,2.1,18.3
33,0,20.0,1.1222819020468673,82,32.0,7.6,14.1,L,1.1,H,13.0,2.7,3.4,2.8,7.7,10.5,2.0,0.7,1.7,2.2,3.0,18.3
34,5,24.0,0.9985657868605985,79,36.1,6.4,14.5,M,4.6,H,9.9,3.5,3.9,0.6,3.3,3.8,4.2,1.7,0.2,2.3,2.6,18.2
35,0,25.0,0.4212239159913439,60,31.3,8.2,16.1,L,0.1,H,16.0,1.7,2.3,2.7,6.2,8.9,2.8,0.8,1.1,1.9,2.7,18.2
36,1,30.0,0.7923722615501504,74,30.6,7.2,14.1,L,0.2,H,13.9,3.5,4.1,2.4,6.2,8.5,1.5,0.5,1.1,1.3,2.0,18.0
37,4,37.0,0.4624626210534335,66,28.2,6.0,16.9,M,7.1,H,9.8,3.5,4.3,0.6,3.1,3.7,2.8,0.9,0.2,2.0,1.7,17.6
38,0,20.0,-0.0736405447537314,48,30.0,7.5,14.7,L,0.1,H,14.6,2.5,3.7,2.3,4.7,7.0,1.2,0.4,1.2,2.3,2.6,17.5
39,5,22.0,0.008836865370447816,35,31.1,6.5,14.5,M,4.9,H,9.6,2.5,3.2,0.7,2.7,3.4,2.9,1.0,0.2,2.0,2.1,17.4
40,4,29.0,0.627417441301792,70,34.0,6.7,14.4,L,3.1,H,11.3,2.8,3.6,1.5,5.0,6.5,1.7,1.4,0.7,2.0,2.6,17.2
41,1,30.0,1.0810431969847776,81,32.7,6.2,13.2,L,2.9,H,10.3,3.8,5.0,2.4,6.6,9.0,3.3,1.8,1.7,2.4,2.9,17.1
42,1,27.0,0.4624626210534335,7,30.4,6.0,14.1,M,5.4,H,8.7,3.0,3.5,2.0,4.0,6.0,1.1,0.6,0.4,1.4,1.7,17.0
43,3,21.0,1.039804491922688,79,35.3,6.4,12.7,L,1.4,H,11.3,3.7,5.1,1.4,6.2,7.7,4.3,1.2,1.4,2.6,3.2,16.9
44,3,25.0,0.4212239159913439,23,28.2,6.3,14.4,L,4.0,H,10.4,2.8,3.3,0.4,2.6,3.0,6.0,1.4,0.3,2.6,2.3,16.8
45,0,31.0,-0.11487924981582101,52,34.4,6.3,13.6,L,0.1,H,13.5,3.9,4.7,1.1,5.8,7.0,3.8,1.0,1.3,2.3,2.7,16.6
46,0,35.0,0.7098948514259712,72,31.8,6.5,13.8,L,1.0,H,12.9,3.2,4.0,2.2,8.9,11.0,4.1,0.6,2.0,2.3,2.1,16.5
47,1,24.0,0.2975078008050751,59,32.0,6.7,13.1,L,0.1,H,13.0,2.9,4.1,2.7,5.4,8.1,1.5,1.2,1.5,1.7,2.4,16.4
48,3,27.0,0.4624626210534335,66,31.8,6.8,15.9,L,2.3,H,13.6,2.2,2.7,0.7,2.7,3.4,4.7,0.7,0.2,2.7,1.3,16.4
49,5,31.0,0.83361096661224,75,28.0,5.6,11.7,M,5.6,H,6.1,2.4,2.7,0.1,1.7,1.9,1.4,0.6,0.1,1.0,1.8,16.3
50,0,22.0,1.0810431969847776,81,32.9,6.8,13.1,L,0.1,H,13.0,2.6,7.2,4.9,9.9,14.8,0.8,1.5,1.4,1.9,3.0,16.2
51,1,27.0,0.9160883767364192,77,31.5,5.3,12.7,M,5.7,H,7.0,3.4,4.1,1.9,8.0,9.9,2.4,0.8,0.5,1.8,2.1,16.0
52,5,23.0,0.7098948514259712,52,33.0,5.9,13.5,L,3.9,H,9.6,2.8,3.4,0.7,4.1,4.8,3.9,1.6,0.8,2.1,2.4,16.0
53,3,27.0,0.9985657868605985,78,28.5,5.5,12.5,L,3.5,H,9.0,3.3,3.9,0.4,2.3,2.7,5.9,1.2,0.3,2.8,2.1,15.7
54,5,23.0,0.9985657868605985,79,32.3,6.0,13.9,L,4.1,H,9.8,2.1,2.6,1.2,2.8,4.0,2.4,1.1,0.1,1.7,2.1,15.5
55,4,23.0,0.9985657868605985,71,32.5,5.4,11.8,M,4.9,H,6.8,2.5,3.0,0.4,2.4,2.8,2.7,1.2,0.0,1.7,2.7,15.4
56,3,28.0,0.05007557043253742,56,31.4,5.3,12.4,L,3.8,H,8.6,3.4,4.1,0.5,2.5,2.9,6.1,1.2,0.3,1.5,1.8,15.3
57,0,25.0,0.9985657868605985,67,29.3,6.2,11.9,L,0.0,H,11.9,2.9,3.9,2.8,6.1,8.8,2.3,0.9,0.8,1.6,2.1,15.3
58,1,34.0,0.5449400311776127,53,29.6,6.3,13.3,L,0.4,H,13.0,2.5,3.2,2.6,5.1,7.8,2.1,0.6,0.2,1.5,2.1,15.3
59,5,29.0,0.5037013261155231,35,28.5,4.2,10.3,L,4.8,M,5.6,5.3,6.3,0.5,2.1,2.5,2.5,0.9,0.3,1.6,1.6,15.3
60,5,25.0,0.8748496716743296,72,33.4,6.0,13.4,M,5.4,H,8.1,1.3,1.6,0.6,2.3,2.9,2.1,1.5,0.3,1.4,2.2,15.2
61,5,26.0,-1.2283242864922406,25,30.6,5.4,12.6,L,3.4,H,9.2,3.0,3.7,0.8,4.4,5.2,6.6,1.3,0.3,2.9,2.6,15.2
62,5,27.0,-0.4035501852504483,44,32.9,5.1,12.3,M,6.5,M,5.7,2.5,2.8,0.2,2.0,2.2,2.7,1.0,0.3,1.6,2.2,15.2
63,0,29.0,1.1222819020468673,82,32.1,6.5,12.8,L,3.1,H,9.7,1.3,1.6,1.8,5.5,7.3,3.2,0.8,1.5,1.3,2.0,15.2
64,1,27.0,0.7511335564880608,73,33.0,6.8,13.2,L,0.4,H,12.8,1.4,2.2,2.4,6.6,9.0,1.8,1.5,0.5,1.9,2.5,15.1
65,4,27.0,0.627417441301792,70,35.0,5.3,12.5,M,5.7,H,6.8,2.3,2.7,0.8,5.3,6.1,5.8,0.9,0.6,2.9,1.6,14.9
66,1,23.0,0.8748496716743296,74,33.1,5.5,11.7,L,3.1,H,8.6,2.7,3.2,1.3,5.4,6.7,2.2,0.9,0.5,1.4,2.0,14.7
67,5,22.0,0.8748496716743296,76,36.7,5.3,12.6,L,4.9,H,7.8,2.4,3.0,0.9,2.8,3.7,1.8,1.4,0.2,1.4,2.2,14.5
68,5,23.0,0.9985657868605985,79,32.2,5.2,12.3,M,5.7,H,6.6,2.2,2.5,0.5,2.9,3.4,2.7,0.9,0.2,1.6,2.6,14.5
69,5,25.0,1.1222819020468673,1,28.7,5.2,12.0,L,4.0,H,8.0,2.6,3.3,0.7,5.1,5.8,2.5,0.9,0.5,1.7,1.8,14.4
70,1,20.0,0.7098948514259712,72,28.4,5.2,12.3,L,3.4,H,8.9,2.8,3.3,1.8,5.5,7.3,1.3,0.7,1.9,1.7,2.8,14.3
71,5,35.0,0.9985657868605985,5,26.9,4.8,11.9,L,4.4,H,7.5,3.1,3.4,0.3,1.6,1.8,2.3,0.7,0.2,1.4,1.5,14.2
72,4,25.0,0.7511335564880608,73,31.6,4.9,11.1,L,5.0,H,6.2,2.7,3.3,1.0,4.2,5.1,1.8,1.7,0.5,1.1,2.7,14.2
73,0,26.0,0.7511335564880608,43,29.1,5.7,9.3,L,0.0,H,9.3,2.9,4.5,3.3,8.6,11.8,0.4,0.6,3.7,1.9,2.8,14.2
74,3,29.0,0.7098948514259712,72,32.8,5.8,12.2,L,2.8,H,9.3,1.7,2.3,0.8,3.1,3.8,5.8,1.0,0.2,2.6,2.6,14.1
75,4,26.0,1.039804491922688,80,35.7,5.1,11.8,L,3.7,H,8.1,2.5,3.4,1.1,3.9,5.1,2.5,0.8,0.3,1.8,2.1,14.1
76,1,20.0,0.8748496716743296,72,31.7,5.8,11.8,L,0.5,H,11.4,2.3,3.0,1.6,3.6,5.2,1.7,0.9,0.4,1.5,2.0,14.1
77,3,31.0,0.4212239159913439,63,32.4,4.9,11.9,L,4.3,H,7.6,2.8,3.2,0.3,2.6,2.9,5.8,0.9,0.2,2.3,2.4,14.1
78,3,28.0,0.7923722615501504,15,30.0,5.1,10.5,L,2.9,H,7.6,2.6,3.1,0.4,1.9,2.3,4.3,1.0,0.1,1.8,1.9,14.0
79,1,25.0,1.0810431969847776,81,34.7,5.0,10.1,L,3.2,H,6.9,2.8,4.1,1.7,7.8,9.5,7.4,1.5,1.4,3.2,3.0,14.0
80,5,20.0,1.1222819020468673,33,28.0,5.3,11.7,L,3.9,H,7.8,2.0,2.5,0.3,2.5,2.8,3.1,0.8,0.2,1.9,2.4,14.0
81,5,19.0,0.8748496716743296,51,27.7,4.8,11.4,L,3.8,H,7.6,2.8,3.4,0.4,2.1,2.5,2.6,0.6,0.3,2.1,3.0,13.8
82,5,30.0,1.0810431969847776,81,33.8,5.4,12.6,L,3.5,H,9.1,2.0,2.5,0.5,2.8,3.3,4.7,1.9,0.5,2.5,2.1,13.8
83,0,30.0,0.6686561463638816,71,32.1,5.2,8.5,L,0.1,H,8.4,3.3,6.7,3.4,8.4,11.8,1.4,1.0,1.6,2.3,3.1,13.7
84,4,27.0,0.25626909574298545,51,29.5,5.2,10.7,L,4.1,H,6.6,1.5,2.2,0.5,4.2,4.7,2.8,0.8,0.3,1.6,1.9,13.7
85,0,31.0,0.83361096661224,74,30.1,5.8,10.2,L,0.0,H,10.2,1.9,2.8,3.0,6.9,9.9,1.4,0.6,1.3,1.6,2.6,13.5
86,5,24.0,-0.9808920561197029,3,25.7,4.4,10.8,L,2.5,H,8.2,3.4,4.5,0.5,3.0,3.5,2.0,0.6,0.1,1.6,2.3,13.3
87,3,19.0,1.039804491922688,48,28.2,4.9,12.0,L,4.6,H,7.3,1.8,2.4,0.6,2.8,3.4,3.3,1.2,0.2,2.5,1.8,13.2
88,4,35.0,-2.218053207982391,0,42.0,6.0,14.0,L,2.0,H,12.0,0.0,0.0,1.0,4.0,5.0,2.0,1.0,2.0,0.0,6.0,13.0
89,5,30.0,0.6686561463638816,57,33.4,5.0,11.3,L,3.4,H,7.9,1.5,1.8,0.3,3.4,3.7,2.0,0.4,0.1,1.2,2.0,12.8
90,4,27.0,-1.4345178118026884,0,18.2,5.4,10.3,L,0.5,H,9.8,1.9,2.5,1.5,3.5,4.9,0.8,0.6,0.5,1.2,2.0,12.8
91,4,25.0,0.5037013261155231,49,28.4,4.1,10.6,M,7.2,M,3.4,2.1,2.6,1.0,5.3,6.3,1.4,1.6,0.6,2.1,3.5,12.8
92,3,32.0,-0.9396533510576132,32,32.1,4.4,11.2,L,3.2,H,8.0,3.1,3.5,0.3,4.0,4.3,7.4,1.1,0.2,2.9,2.4,12.8
93,3,19.0,0.5449400311776127,66,30.4,4.8,13.3,L,3.4,H,9.9,2.1,3.1,0.5,2.9,3.4,5.5,1.0,0.5,3.2,2.1,12.8
94,0,23.0,0.21503039068089586,59,26.0,5.1,8.9,L,0.0,H,8.9,2.7,3.6,3.1,6.1,9.1,0.7,0.4,1.3,1.4,2.6,12.8
95,4,30.0,1.0810431969847776,81,35.3,4.4,10.6,M,6.2,M,4.4,1.6,2.0,0.8,3.7,4.5,2.3,2.0,0.3,1.4,2.2,12.7
96,0,27.0,0.9160883767364192,77,33.7,4.6,6.6,L,0.0,H,6.6,3.5,8.0,3.5,10.3,13.8,1.2,0.7,2.3,1.4,2.7,12.7
97,0,23.0,1.1222819020468673,1,21.0,5.0,8.8,L,0.3,H,8.5,2.4,3.1,3.0,5.1,8.1,0.4,0.3,0.4,1.4,2.0,12.7
98,4,22.0,-1.9706209776098536,7,29.3,4.7,8.7,L,1.0,H,7.7,2.9,4.1,1.7,4.7,6.4,1.3,0.4,0.4,1.1,1.3,12.7
99,1,26.0,0.9573270817985089,78,32.1,5.3,11.1,L,2.4,H,8.8,1.2,1.6,1.8,5.0,6.8,0.8,0.5,1.9,1.4,2.7,12.6
100,3,27.0,0.9160883767364192,53,29.1,5.2,12.6,L,2.2,H,10.4,1.6,2.3,0.6,3.4,4.0,6.5,1.1,0.3,2.3,1.7,12.6
101,1,26.0,0.5037013261155231,64,25.3,5.2,9.3,L,0.0,H,9.3,2.0,3.3,3.5,5.2,8.7,1.2,0.5,0.9,1.4,2.5,12.5
102,5,29.0,0.9573270817985089,78,33.9,4.2,10.9,M,6.7,M,4.2,1.6,1.9,0.3,2.7,3.1,1.9,1.0,0.2,1.0,2.3,12.5
103,5,30.0,0.9160883767364192,77,30.7,4.6,11.0,M,6.6,M,4.4,0.6,0.9,0.6,2.3,2.8,1.7,1.1,0.3,0.8,2.6,12.4
104,1,30.0,0.7923722615501504,73,32.4,4.6,10.1,L,3.5,H,6.6,2.0,2.6,1.5,4.5,6.0,1.9,1.0,0.4,1.1,1.6,12.3
105,5,21.0,0.8748496716743296,76,32.1,4.7,10.1,L,3.9,H,6.2,1.4,1.8,0.7,2.2,2.9,1.9,1.3,0.2,1.3,1.9,12.3
106,4,34.0,1.0810431969847776,81,33.4,4.7,10.6,L,3.9,H,6.7,1.5,1.8,0.6,3.0,3.6,3.9,0.8,0.0,2.0,1.8,12.2
107,1,30.0,0.9985657868605985,1,21.3,4.2,9.8,M,5.8,M,4.0,1.5,2.0,0.7,3.1,3.8,1.1,0.4,0.3,1.1,2.0,12.2
108,3,29.0,0.7923722615501504,73,34.1,4.4,10.0,L,4.2,M,5.7,1.5,2.0,0.8,3.2,4.0,3.5,1.1,0.2,1.4,2.0,12.1
109,0,31.0,-0.3210727751262691,18,23.3,5.2,10.7,L,0.0,H,10.7,1.5,2.4,1.2,5.2,6.4,1.5,0.6,0.9,0.7,2.5,12.0
110,1,26.0,0.3799852109292543,45,25.5,4.8,11.2,L,2.4,H,8.8,1.7,2.3,1.1,4.4,5.5,1.9,0.9,0.5,2.1,2.9,12.0
111,3,33.0,0.7098948514259712,72,27.5,4.9,9.9,L,0.9,H,9.0,1.8,2.4,0.2,2.2,2.4,5.3,0.8,0.2,1.8,1.6,11.9
112,3,29.0,0.7098948514259712,72,35.2,4.9,10.9,L,2.4,H,8.5,1.2,2.1,1.1,5.0,6.0,11.7,2.0,0.1,3.9,2.4,11.9
113,4,27.0,0.5861787362397024,21,27.2,4.3,9.0,L,4.0,M,5.0,1.5,2.3,0.8,5.1,5.9,1.4,0.8,0.2,1.4,2.2,11.8
114,4,28.0,0.3799852109292543,24,22.9,4.0,9.9,M,6.0,M,3.9,1.5,1.9,0.4,2.3,2.7,1.0,0.8,0.5,1.1,2.2,11.8
115,1,24.0,0.4624626210534335,38,24.9,3.8,9.2,M,5.2,M,4.0,2.2,2.7,0.9,4.6,5.5,1.5,0.9,0.7,1.5,2.3,11.8
116,4,23.0,0.4624626210534335,59,30.9,4.5,9.6,L,3.2,H,6.3,1.5,2.0,1.2,3.8,4.9,1.8,0.6,0.2,0.9,2.1,11.7
117,4,29.0,1.039804491922688,41,28.2,4.4,10.3,L,2.7,H,7.6,2.1,2.8,0.9,3.2,4.2,1.7,0.7,0.5,1.2,2.1,11.7
118,5,27.0,0.9573270817985089,13,26.3,3.8,9.3,L,2.9,H,6.4,3.1,3.7,0.5,2.7,3.2,3.0,0.7,0.5,1.9,2.1,11.7
119,1,29.0,1.0810431969847776,81,28.9,4.2,9.2,M,4.7,M,4.6,1.5,1.8,1.6,4.9,6.4,1.4,0.7,1.0,0.8,1.6,11.7
120,4,26.0,0.83361096661224,68,27.8,4.3,9.7,L,4.1,M,5.6,1.6,2.0,0.4,4.7,5.1,2.3,1.3,0.5,1.8,2.3,11.6
121,4,22.0,0.83361096661224,73,30.3,4.5,9.6,L,3.6,H,6.0,1.3,1.7,1.3,3.9,5.2,1.6,1.4,0.4,0.9,2.2,11.6
122,3,24.0,-0.032401839691641794,37,30.5,4.6,10.3,L,1.0,H,9.3,2.0,3.0,0.9,4.2,5.1,5.2,1.5,0.8,2.8,3.0,11.5
123,4,25.0,-1.805666157361495,4,27.6,4.5,10.5,L,4.1,H,6.5,1.3,1.9,1.1,4.5,5.6,2.3,0.7,0.3,1.5,2.2,11.4
124,1,21.0,1.0810431969847776,60,28.2,4.4,10.3,L,0.4,H,9.9,2.4,3.3,2.1,8.1,10.2,1.8,0.7,0.4,1.8,3.0,11.3
125,4,26.0,0.9985657868605985,39,26.8,4.1,9.5,L,4.3,M,5.2,1.4,1.7,0.5,2.8,3.2,1.3,0.4,0.1,1.5,1.5,11.2
126,5,26.0,-0.9808920561197029,0,19.9,4.0,8.7,L,3.7,M,5.0,1.9,2.2,0.4,1.4,1.8,0.9,0.4,0.1,1.0,1.2,11.1
127,0,21.0,0.5037013261155231,62,29.3,4.6,8.8,L,0.0,H,8.7,2.0,3.4,2.3,5.8,8.1,1.8,1.8,1.5,2.4,2.9,11.1
128,5,24.0,0.9160883767364192,39,25.5,3.4,9.4,M,6.3,L,3.1,1.9,2.3,0.3,2.0,2.3,1.8,0.7,0.2,1.2,1.7,11.0
129,4,29.0,-1.1870855814301509,22,30.2,4.0,10.4,M,4.5,M,5.8,1.2,1.9,1.2,3.5,4.7,1.0,1.7,0.2,1.1,2.4,11.0
130,3,22.0,1.039804491922688,6,20.3,4.1,9.8,L,3.0,H,6.8,1.8,2.3,0.3,2.2,2.6,4.4,0.9,0.1,2.3,1.7,11.0
131,4,22.0,-0.3210727751262691,4,22.8,4.7,9.4,L,1.5,H,7.9,1.0,1.4,1.2,1.9,3.1,0.9,0.8,0.3,0.7,2.0,11.0
132,3,31.0,0.7923722615501504,16,22.5,4.3,9.6,L,3.5,H,6.1,1.0,1.3,0.4,1.7,2.1,4.1,0.4,0.0,1.5,1.5,10.9
133,3,21.0,0.7511335564880608,69,29.4,4.4,10.0,L,1.3,H,8.7,1.5,2.6,1.1,2.5,3.6,6.4,1.2,0.3,2.4,2.2,10.7
134,3,23.0,0.3799852109292543,0,21.3,4.1,9.9,L,4.0,M,5.9,1.0,1.3,0.3,1.5,1.8,2.3,0.5,0.1,1.3,1.3,10.6
135,3,27.0,-0.4035501852504483,23,26.6,4.4,10.8,L,2.3,H,8.5,1.2,1.4,0.2,3.1,3.4,3.7,0.8,0.1,1.7,2.3,10.6
136,4,23.0,1.1222819020468673,0,20.5,3.9,8.3,L,1.9,H,6.5,2.3,3.0,1.2,2.0,3.3,0.6,0.3,0.1,0.9,1.1,10.5
137,5,27.0,1.0810431969847776,12,28.0,4.2,9.3,L,1.0,H,8.3,1.8,2.2,0.6,4.3,4.9,4.4,1.0,0.3,2.1,1.7,10.5
138,5,27.0,-0.11487924981582101,18,28.9,3.6,8.4,M,4.4,M,4.0,1.3,1.7,0.4,2.3,2.7,3.1,0.9,0.2,1.4,2.1,10.4
139,1,28.0,0.7923722615501504,56,25.4,3.8,8.9,L,3.5,M,5.4,1.5,2.1,1.9,3.5,5.4,0.9,0.7,0.4,1.0,2.3,10.4
140,3,29.0,0.25626909574298545,7,22.5,3.0,7.3,L,2.4,M,4.8,3.6,4.3,0.4,2.2,2.6,3.8,1.4,0.2,1.8,3.0,10.3
141,5,23.0,1.0810431969847776,8,26.0,3.8,8.4,L,3.5,M,4.9,1.2,1.4,0.3,2.3,2.7,1.2,0.8,0.2,0.8,2.4,10.3
142,0,27.0,1.1222819020468673,82,27.1,4.4,8.1,L,0.0,H,8.1,1.6,2.0,3.3,4.1,7.3,1.4,0.2,1.6,1.6,2.2,10.3
143,1,23.0,1.0810431969847776,73,23.6,4.3,10.0,L,1.3,H,8.7,1.3,2.0,2.4,5.9,8.3,2.3,0.9,0.6,1.3,2.6,10.3
144,0,19.0,0.21503039068089586,30,22.8,4.4,8.8,L,0.2,H,8.6,1.5,2.0,1.1,4.4,5.5,0.7,0.4,1.4,1.1,2.6,10.3
145,4,25.0,1.1222819020468673,82,28.5,3.6,8.8,L,4.3,M,4.5,1.4,1.9,1.2,4.9,6.1,1.7,0.9,0.6,1.5,2.1,10.2
146,5,29.0,0.5449400311776127,7,24.6,3.6,9.3,L,4.4,M,5.0,1.7,2.0,0.1,1.6,1.7,1.9,0.5,0.0,1.2,1.3,10.2
147,0,26.0,1.1222819020468673,39,27.1,3.8,7.1,L,0.2,H,6.8,2.5,3.0,1.9,5.2,7.1,1.7,1.1,1.2,1.7,2.7,10.1
148,3,25.0,0.8748496716743296,76,30.6,2.9,7.7,L,2.5,M,5.2,3.5,4.1,0.5,3.8,4.3,8.7,2.1,0.1,2.5,2.6,10.1
149,4,35.0,0.8748496716743296,45,28.8,3.5,9.1,L,4.9,M,4.3,1.5,1.8,1.1,4.4,5.5,2.1,1.0,0.8,1.6,3.1,10.0
150,0,20.0,1.039804491922688,55,21.7,3.8,7.5,L,1.1,H,6.5,1.9,2.4,2.3,4.7,7.0,2.4,1.0,0.6,1.3,2.6,10.0
151,0,24.0,0.5861787362397024,8,20.2,3.7,8.1,L,3.0,M,5.0,1.4,1.9,1.0,3.0,4.1,1.5,0.8,0.5,1.1,2.4,10.0
152,3,27.0,0.6686561463638816,63,28.7,3.6,8.4,L,4.4,M,4.0,0.8,1.2,1.0,2.5,3.5,3.4,1.3,0.4,1.3,3.3,9.9
153,4,24.0,0.7511335564880608,7,23.9,3.7,8.6,M,4.6,M,3.9,0.7,0.8,0.3,2.2,2.5,0.8,0.7,0.3,0.6,1.6,9.9
154,3,29.0,1.1222819020468673,5,20.3,3.4,7.2,L,1.4,H,5.9,2.6,3.5,0.3,2.2,2.5,2.9,0.6,0.1,1.4,1.2,9.9
155,1,32.0,-0.7746985308092548,12,15.8,3.9,6.9,L,0.4,H,6.6,1.9,2.5,1.4,2.7,4.1,0.9,0.3,0.3,0.6,1.9,9.8
156,5,31.0,-0.6097437105608964,2,20.2,3.8,8.1,L,2.5,M,5.6,1.2,1.4,0.3,1.8,2.1,1.2,0.5,0.0,0.7,1.4,9.8
157,5,24.0,0.9160883767364192,17,28.0,3.5,8.8,M,5.1,M,3.7,0.9,1.2,0.7,2.8,3.5,1.3,0.5,0.3,1.0,2.4,9.8
158,5,24.0,0.9573270817985089,15,27.6,3.6,9.1,L,3.1,M,6.0,1.4,2.0,0.5,2.1,2.6,2.0,1.0,0.2,1.5,1.8,9.8
159,4,21.0,0.9160883767364192,52,26.8,3.3,7.8,L,1.9,M,5.9,2.8,4.2,1.3,3.4,4.7,1.8,0.7,1.6,1.4,2.8,9.7
160,5,28.0,0.25626909574298545,8,18.2,3.5,8.9,L,4.4,M,4.5,1.1,1.3,0.6,1.8,2.5,1.4,0.8,0.1,0.8,1.5,9.7
161,5,38.0,0.13255298055671663,0,19.6,3.4,7.5,L,3.1,M,4.4,1.6,1.9,0.4,2.1,2.5,3.1,1.1,0.2,1.7,1.7,9.6
162,5,30.0,0.9985657868605985,65,29.5,3.7,8.1,L,2.7,M,5.3,1.3,1.5,0.4,2.2,2.6,1.7,1.1,0.4,0.9,1.7,9.6
163,3,31.0,1.039804491922688,31,27.4,3.5,8.5,L,2.7,M,5.9,1.9,2.2,0.5,2.8,3.2,3.6,0.9,0.2,1.5,1.8,9.5
164,4,24.0,1.0810431969847776,4,23.0,3.6,8.0,L,3.2,M,4.8,0.9,1.0,0.5,2.0,2.4,0.7,0.2,0.1,0.7,1.6,9.4
165,0,29.0,0.6686561463638816,71,25.6,3.7,6.3,L,0.0,H,6.3,1.9,3.2,1.9,5.2,7.1,1.5,0.9,1.1,1.4,3.1,9.3
166,5,32.0,0.008836865370447816,13,19.9,2.8,7.6,L,2.5,M,5.1,2.8,3.1,0.3,1.7,2.0,1.1,0.5,0.1,1.0,1.5,9.3
167,4,24.0,1.039804491922688,9,17.9,3.2,7.1,L,1.9,M,5.2,2.4,3.2,0.6,3.1,3.7,0.9,0.4,0.1,0.8,0.9,9.3
168,3,29.0,-1.7644274522994055,10,24.3,3.5,8.3,L,3.8,M,4.6,0.8,0.8,0.3,1.8,2.1,3.1,1.3,0.2,1.5,1.8,9.2
169,1,20.0,0.9573270817985089,37,23.9,3.5,7.4,L,1.8,H,5.6,1.7,2.5,2.0,4.5,6.5,1.6,0.8,0.7,0.8,2.0,9.2
170,1,33.0,0.09131427549462703,11,19.2,3.7,6.7,L,0.1,H,6.7,1.9,3.2,0.9,3.6,4.5,1.7,0.9,0.5,1.3,2.7,9.2
171,5,34.0,1.039804491922688,80,30.0,3.4,7.7,M,5.0,L,2.7,0.6,0.7,0.2,3.1,3.3,2.1,0.8,0.4,1.2,2.0,9.2
172,0,23.0,0.25626909574298545,60,31.7,3.2,5.8,L,0.0,H,5.8,2.6,4.6,3.4,7.5,11.0,1.5,0.7,2.2,1.9,2.7,9.1
173,0,25.0,1.1222819020468673,82,25.4,3.3,6.3,L,0.0,H,6.3,2.6,4.1,2.5,5.2,7.7,2.8,0.8,1.0,1.9,3.1,9.1
174,3,21.0,0.25626909574298545,10,27.3,3.0,8.7,L,4.0,M,4.7,2.1,2.7,1.2,2.9,4.2,3.0,1.5,0.3,1.3,3.0,9.1
175,0,22.0,0.9573270817985089,46,23.3,3.4,8.0,L,0.1,H,7.9,2.2,3.1,2.3,5.3,7.6,1.2,0.5,0.8,1.9,2.9,9.0
176,3,21.0,0.09131427549462703,13,19.5,3.1,7.4,L,1.7,M,5.7,2.3,3.4,0.5,2.0,2.5,2.1,0.5,0.2,1.8,1.5,8.9
177,5,30.0,0.5861787362397024,14,22.6,3.3,8.5,L,3.8,M,4.7,1.0,1.3,0.4,2.0,2.4,0.8,0.6,0.3,0.7,1.8,8.9
178,5,23.0,0.5037013261155231,7,21.9,3.4,7.7,L,2.8,M,4.9,1.2,1.7,0.3,1.6,1.9,1.5,0.7,0.1,0.9,2.0,8.9
179,3,29.0,0.13255298055671663,1,22.0,3.2,7.6,L,1.4,M,6.2,2.3,2.7,0.3,2.4,2.7,2.4,0.7,0.1,1.3,1.3,8.9
180,0,28.0,0.7511335564880608,11,20.7,3.8,7.5,L,0.0,H,7.5,1.2,1.7,2.1,4.0,6.2,1.2,0.5,0.5,1.3,2.1,8.8
181,5,23.0,0.4624626210534335,0,18.6,3.5,7.7,L,2.7,M,5.0,1.0,1.3,0.7,3.2,3.8,1.2,0.6,0.5,0.8,1.6,8.8
182,3,29.0,0.25626909574298545,18,20.7,3.0,7.3,L,3.3,M,4.0,1.4,1.6,0.4,1.9,2.3,2.6,1.1,0.1,1.0,2.1,8.7
183,5,28.0,0.7098948514259712,0,19.9,3.2,7.3,L,1.9,M,5.5,1.6,2.0,0.4,2.5,2.9,1.0,0.5,0.3,0.9,1.2,8.7
184,5,23.0,-0.7746985308092548,5,24.0,3.3,6.8,L,2.0,M,4.8,1.4,1.8,0.8,2.3,3.0,2.2,0.7,0.4,1.3,1.8,8.7
185,1,24.0,-0.19735665994000023,11,20.9,3.3,7.3,L,1.6,M,5.8,1.5,2.3,1.2,3.0,4.2,0.8,0.5,0.8,1.0,1.7,8.7
186,1,35.0,0.8748496716743296,76,21.5,3.5,7.9,L,2.1,M,5.8,0.8,1.1,1.1,3.6,4.7,0.9,0.6,0.4,0.9,2.3,8.7
187,0,23.0,0.7511335564880608,60,24.3,3.2,6.0,L,0.1,H,5.8,2.4,3.2,1.9,4.3,6.2,1.0,0.8,0.9,0.9,2.8,8.7
188,0,39.0,0.25626909574298545,60,25.2,3.5,7.2,L,0.0,H,7.2,1.5,2.1,1.9,5.4,7.3,2.7,0.8,1.3,1.5,2.0,8.6
189,1,30.0,0.7511335564880608,55,26.5,3.6,6.8,L,0.0,H,6.8,1.4,2.0,2.8,4.1,6.9,1.5,0.6,1.1,1.1,2.5,8.6
190,3,25.0,-0.11487924981582101,27,20.3,3.5,8.0,L,2.4,M,5.6,0.9,1.2,0.3,2.2,2.5,3.6,0.7,0.1,1.8,1.4,8.6
191,0,31.0,0.8748496716743296,69,26.4,2.9,6.2,L,0.0,H,6.1,2.8,3.6,3.3,6.2,9.4,1.7,0.8,0.3,1.6,2.4,8.6
192,5,24.0,1.039804491922688,4,25.6,3.2,7.3,L,1.4,M,5.9,1.7,2.2,0.5,2.1,2.6,3.1,0.8,0.3,1.3,1.6,8.5
193,1,26.0,0.5037013261155231,27,18.7,3.3,7.0,L,1.6,M,5.3,1.1,1.5,1.1,4.4,5.6,1.1,0.6,0.4,1.1,1.9,8.5
194,3,27.0,1.0810431969847776,3,20.5,3.2,7.6,L,4.0,M,3.6,0.6,0.7,0.3,1.6,2.0,2.8,0.7,0.1,0.9,1.3,8.5
195,5,22.0,0.7511335564880608,35,24.8,2.9,7.5,L,4.5,L,3.0,1.2,1.6,0.3,2.2,2.5,1.9,0.6,0.3,1.3,1.6,8.5
196,5,34.0,0.3799852109292543,57,25.3,3.4,7.3,L,0.7,H,6.7,1.4,2.2,1.6,3.0,4.6,1.1,1.7,0.3,1.2,2.7,8.4
197,1,23.0,0.25626909574298545,10,21.9,3.2,7.1,L,3.7,M,3.4,0.6,0.8,0.8,4.3,5.1,1.5,0.1,0.3,1.3,3.0,8.4
198,3,22.0,-1.9293822725477638,3,18.0,2.8,8.1,L,2.1,M,6.0,2.5,4.6,0.3,2.4,2.6,2.5,0.4,0.0,3.6,1.4,8.4
199,4,25.0,0.5861787362397024,13,19.9,3.3,6.9,L,1.1,H,5.7,1.3,1.6,0.6,2.7,3.2,1.9,0.6,0.1,1.4,2.0,8.3
200,0,21.0,-0.9396533510576132,3,17.1,3.2,7.6,L,0.1,H,7.5,1.9,3.1,2.0,3.4,5.5,1.3,0.8,1.4,1.7,2.8,8.2
201,1,27.0,0.17379168561880626,5,22.3,2.9,6.5,L,1.8,M,4.6,1.7,2.0,0.6,1.6,2.2,0.9,0.4,0.1,1.0,1.8,8.2
202,3,33.0,-0.5685050054988067,14,18.2,3.2,7.4,L,2.5,M,4.9,0.9,1.0,0.1,1.6,1.8,2.4,0.3,0.1,1.4,1.5,8.2
203,4,19.0,0.7511335564880608,6,23.1,3.1,8.2,L,2.8,M,5.4,1.1,1.4,0.8,3.4,4.2,1.6,0.8,0.2,1.6,2.4,8.1
204,0,22.0,1.039804491922688,80,25.2,3.3,5.3,L,0.0,H,5.3,1.4,2.5,2.7,3.9,6.7,0.8,0.5,1.1,1.1,2.8,8.0
205,4,30.0,1.1222819020468673,80,31.0,2.9,7.1,L,2.5,M,4.6,1.3,1.7,2.0,4.2,6.2,2.2,1.3,0.2,1.4,2.5,8.0
206,1,30.0,1.0810431969847776,41,25.9,2.9,6.0,L,2.9,M,3.1,0.9,1.2,0.7,2.9,3.5,2.1,0.9,0.2,1.0,2.3,7.9
207,0,24.0,0.17379168561880626,15,17.6,3.3,6.4,L,0.9,H,5.5,1.1,1.2,1.3,3.6,4.9,0.9,0.2,0.3,0.9,1.9,7.9
208,1,32.0,0.008836865370447816,5,16.4,3.2,6.1,L,0.0,H,6.1,1.3,1.7,1.8,3.7,5.5,1.5,0.4,0.5,1.2,2.1,7.8
209,5,28.0,-0.5685050054988067,24,26.6,2.9,7.8,L,4.0,M,3.9,0.8,1.0,0.3,2.2,2.6,2.9,1.2,0.2,1.8,3.1,7.8
210,5,22.0,0.5449400311776127,53,21.2,2.9,6.7,L,2.7,M,4.0,1.1,1.5,0.5,1.7,2.2,1.2,0.8,0.1,1.5,2.1,7.8
211,1,24.0,1.1222819020468673,34,27.7,3.0,5.1,L,0.0,H,5.1,1.8,3.0,3.3,5.7,9.0,0.8,0.5,0.6,0.7,2.5,7.8
212,5,28.0,0.8748496716743296,41,21.3,2.9,7.4,L,3.5,M,3.9,0.7,0.8,0.3,2.0,2.3,1.1,0.6,0.1,0.6,1.1,7.7
213,3,33.0,-0.650982415622986,15,26.6,2.9,7.9,L,3.7,M,4.2,0.8,0.9,0.5,2.5,2.9,4.9,0.6,0.1,1.7,2.6,7.7
214,3,34.0,0.7098948514259712,72,28.1,2.9,6.3,L,2.8,M,3.5,0.6,0.7,0.3,2.9,3.2,4.2,0.9,0.1,1.2,1.9,7.6
215,3,24.0,1.1222819020468673,7,24.8,2.8,7.2,L,2.7,M,4.4,1.0,1.4,0.5,3.0,3.5,2.5,0.9,0.3,0.7,2.2,7.6
216,3,32.0,0.3799852109292543,0,20.0,2.6,5.8,L,2.5,M,3.4,1.6,2.2,0.3,1.9,2.2,1.8,0.9,0.2,1.0,1.9,7.6
217,1,27.0,0.627417441301792,16,21.7,3.2,7.0,L,1.7,M,5.3,0.6,0.8,1.2,3.0,4.2,1.4,0.8,0.7,0.9,2.6,7.5
218,3,28.0,0.2975078008050751,0,19.0,2.4,5.6,L,2.7,L,2.9,1.7,2.1,0.1,1.4,1.5,3.2,0.6,0.1,1.4,1.4,7.5
219,3,25.0,0.8748496716743296,14,24.6,2.7,6.7,L,3.1,L,3.6,0.8,0.9,0.4,1.7,2.1,4.4,0.6,0.1,1.5,2.3,7.5
220,0,22.0,1.0810431969847776,3,21.1,2.7,6.5,L,2.5,M,4.0,1.3,1.8,0.9,3.3,4.1,1.2,0.5,0.5,0.7,1.6,7.5
221,5,26.0,0.17379168561880626,22,21.4,3.2,6.6,L,1.8,M,4.8,0.4,0.6,0.3,1.9,2.3,1.7,0.6,0.3,0.9,1.7,7.5
222,1,25.0,0.9573270817985089,15,18.5,2.9,6.3,L,0.6,M,5.8,1.3,1.8,1.8,3.0,4.8,0.9,0.6,0.4,1.1,2.4,7.4
223,1,28.0,0.9985657868605985,76,22.8,3.2,5.4,L,0.5,H,4.8,0.9,1.5,2.3,4.1,6.4,1.7,0.7,1.1,1.2,2.7,7.3
224,3,23.0,0.9573270817985089,17,22.4,2.8,6.4,L,1.4,M,5.1,1.1,1.4,0.4,1.9,2.3,4.4,1.2,0.2,1.9,1.6,7.3
225,5,28.0,-2.1355757978582117,0,14.3,2.3,6.7,L,3.0,L,3.7,1.3,1.3,0.3,1.3,1.7,1.0,0.0,0.0,0.3,0.7,7.3
226,4,29.0,1.039804491922688,43,24.4,2.5,6.3,L,3.2,L,3.1,1.1,1.6,0.5,2.2,2.7,1.8,0.9,0.2,0.8,2.4,7.3
227,5,30.0,-0.032401839691641794,2,19.1,2.3,6.9,L,4.4,L,2.5,1.2,1.4,0.3,1.5,1.8,0.6,0.4,0.1,0.6,0.9,7.3
228,1,30.0,0.4624626210534335,0,20.3,2.6,4.8,L,0.0,M,4.8,1.9,2.2,1.6,2.7,4.3,1.1,0.5,0.8,0.6,1.9,7.2
229,4,29.0,1.1222819020468673,12,20.4,2.6,6.7,L,2.7,M,4.0,1.3,1.7,0.5,1.9,2.4,1.3,1.0,0.2,1.0,2.0,7.2
230,0,33.0,0.4624626210534335,60,24.5,2.8,4.8,L,0.0,M,4.7,1.6,2.6,2.7,6.1,8.7,1.0,0.5,0.7,1.4,2.2,7.2
231,4,35.0,-0.9808920561197029,30,22.7,2.5,6.1,L,3.2,L,2.9,0.9,1.2,0.3,2.4,2.7,1.3,0.5,0.3,0.8,2.1,7.2
232,4,25.0,-1.3520404016785093,5,15.0,2.5,5.1,L,2.6,L,2.5,1.1,1.5,1.0,1.0,1.9,1.0,0.7,0.2,0.9,1.3,7.2
233,5,28.0,0.9985657868605985,79,26.1,2.7,7.1,L,4.4,L,2.7,0.4,0.6,0.6,3.2,3.8,1.8,1.0,0.8,0.9,1.8,7.2
234,0,29.0,0.8748496716743296,2,15.5,3.2,6.6,L,0.2,H,6.4,0.7,0.9,0.7,2.2,2.9,0.8,0.4,0.9,0.8,2.1,7.2
235,3,31.0,0.5861787362397024,0,16.1,2.7,6.8,L,2.7,M,4.1,0.7,0.9,0.3,1.2,1.5,2.6,0.4,0.1,1.2,1.9,7.1
236,0,28.0,0.7098948514259712,0,11.6,2.7,6.3,L,0.9,M,5.5,1.3,1.6,1.1,2.3,3.3,0.8,0.3,0.5,0.9,1.6,7.1
237,1,35.0,0.9573270817985089,19,18.0,3.1,5.7,L,0.1,H,5.7,0.8,1.0,0.9,3.0,4.0,1.8,0.6,0.7,0.9,1.8,7.1
238,4,26.0,-0.3210727751262691,13,18.0,2.6,6.1,L,2.3,M,3.8,0.8,1.1,0.5,2.6,3.1,1.1,0.2,0.1,0.5,1.9,7.0
239,0,21.0,0.9160883767364192,35,19.1,3.0,5.2,L,0.0,H,5.1,1.0,2.7,2.5,3.9,6.4,0.6,0.8,1.2,0.8,2.5,7.0
240,0,22.0,0.4624626210534335,39,21.4,2.9,5.1,L,0.0,H,5.1,1.2,1.9,2.0,3.3,5.3,0.6,0.7,1.0,0.7,2.2,7.0
241,0,26.0,-0.3623114801883587,13,16.7,2.7,5.0,L,0.0,M,5.0,1.5,2.9,2.0,3.6,5.6,0.7,0.4,1.1,0.8,2.0,7.0
242,0,25.0,0.09131427549462703,1,16.8,2.9,5.1,L,0.0,H,5.1,1.2,2.1,1.5,2.4,3.9,0.9,0.3,1.9,1.1,2.3,7.0
243,4,32.0,0.4212239159913439,1,26.6,2.7,5.7,L,2.4,M,3.3,0.8,1.3,0.8,3.2,4.0,3.4,1.1,0.3,1.2,1.6,7.0
244,1,20.0,0.2975078008050751,4,17.8,3.0,7.0,L,0.8,M,6.2,0.8,1.1,2.0,3.5,5.4,0.8,0.4,0.4,0.9,1.6,7.0
245,3,28.0,0.25626909574298545,33,21.6,2.5,5.7,L,1.6,M,4.1,1.3,1.7,0.3,2.6,2.8,4.4,0.5,0.1,1.3,1.2,7.0
246,3,26.0,-0.27983407006417943,7,18.1,2.3,6.3,L,3.2,L,3.1,1.2,1.6,0.3,1.7,2.0,3.5,0.6,0.1,1.2,1.2,6.9
247,4,28.0,1.039804491922688,9,20.8,2.6,6.4,L,3.9,L,2.6,0.4,0.6,0.5,2.6,3.1,0.6,1.1,0.7,0.7,2.2,6.9
248,1,26.0,0.05007557043253742,0,14.7,2.6,5.5,L,2.0,M,3.5,0.9,1.2,0.6,3.0,3.6,0.4,0.2,0.4,0.7,1.2,6.9
249,1,26.0,0.9985657868605985,0,25.6,2.6,6.2,L,3.7,L,2.5,0.4,0.4,1.0,3.4,4.3,1.2,0.7,0.4,0.8,1.6,6.9
250,1,28.0,-1.7644274522994055,2,17.7,2.9,4.3,L,0.0,H,4.3,1.1,2.0,1.2,2.4,3.6,0.5,0.4,1.3,0.8,1.8,6.9
251,3,25.0,-0.4447888903125379,9,15.7,2.3,5.1,L,2.5,L,2.6,1.0,1.2,0.2,1.2,1.4,1.5,0.5,0.1,0.8,0.9,6.8
252,0,26.0,0.9573270817985089,14,19.0,3.0,5.7,L,0.0,H,5.7,0.7,1.3,2.2,3.3,5.4,0.4,0.5,0.9,0.6,2.4,6.8
253,0,30.0,-0.3623114801883587,0,13.8,2.8,6.1,L,0.3,M,5.7,1.0,1.2,0.6,1.5,2.1,0.4,0.1,0.2,0.6,1.3,6.6
254,5,39.0,0.21503039068089586,3,16.8,2.2,5.7,L,2.8,L,2.9,1.2,1.4,0.5,1.9,2.4,0.9,0.6,0.3,0.6,1.7,6.6
255,5,22.0,-0.11487924981582101,2,21.3,2.4,5.2,L,2.2,L,3.0,0.8,1.2,0.4,1.7,2.1,1.4,0.7,0.5,0.7,2.1,6.6
256,1,26.0,1.0810431969847776,0,20.8,2.5,4.2,L,0.0,M,4.2,1.4,2.5,2.8,4.6,7.4,1.1,0.7,0.9,0.8,2.5,6.5
257,1,30.0,-0.0736405447537314,17,15.8,2.3,5.6,L,2.0,M,3.5,1.3,1.6,1.1,3.0,4.1,0.7,0.3,0.4,0.7,1.8,6.5
258,0,25.0,-1.6819500421752263,4,18.8,2.4,5.5,L,0.0,M,5.5,1.8,2.1,1.5,3.6,5.1,0.6,0.6,1.0,0.9,2.6,6.5
259,5,33.0,0.5449400311776127,0,15.9,2.5,5.4,L,1.6,M,3.8,0.8,0.9,0.4,1.3,1.7,1.2,0.6,0.1,0.8,1.6,6.4
260,1,33.0,0.8748496716743296,4,18.2,2.7,5.0,L,0.9,M,4.1,0.7,1.0,0.8,2.3,3.1,2.3,0.3,0.3,1.3,1.3,6.4
261,5,23.0,-0.15611795487791064,1,16.9,2.2,5.2,L,2.8,L,2.4,1.0,1.1,0.1,1.5,1.7,1.0,0.4,0.1,0.5,0.9,6.4
262,4,22.0,0.9573270817985089,14,18.7,2.5,5.3,L,1.8,M,3.5,0.9,1.4,1.3,2.3,3.6,0.9,0.6,0.4,0.8,1.6,6.4
263,4,31.0,0.83361096661224,11,23.4,2.5,5.0,L,1.7,M,3.3,0.8,1.3,0.7,3.8,4.5,1.4,1.1,0.5,0.9,1.5,6.4
264,4,19.0,0.9573270817985089,8,28.6,2.5,5.9,L,1.5,M,4.4,1.0,1.5,1.0,4.1,5.2,1.5,0.9,0.3,1.2,2.4,6.4
265,0,29.0,1.0810431969847776,1,15.2,2.4,4.7,L,0.0,M,4.7,1.6,2.0,1.7,3.0,4.7,0.6,0.3,0.6,0.8,1.9,6.3
266,3,30.0,0.9573270817985089,3,19.5,2.6,4.9,L,0.2,M,4.7,1.0,1.2,0.5,1.6,2.2,3.0,0.7,0.3,1.0,1.8,6.3
267,0,29.0,0.8748496716743296,48,17.4,2.7,4.7,L,0.1,M,4.6,0.9,1.3,1.4,3.0,4.4,0.4,0.3,0.8,0.9,2.1,6.3
268,4,23.0,0.4624626210534335,52,19.9,2.2,6.2,L,3.7,L,2.5,0.8,1.0,0.4,2.3,2.6,0.6,0.5,0.2,0.6,2.1,6.2
269,1,25.0,-0.7334598257471652,22,14.8,2.4,5.5,L,1.5,M,4.0,0.9,1.4,1.0,1.9,2.9,1.1,0.5,0.1,1.2,1.9,6.2
270,1,27.0,0.83361096661224,0,15.3,2.3,5.0,L,2.1,M,2.9,0.7,0.8,0.7,2.0,2.7,1.0,0.3,0.2,0.6,1.4,6.2
271,4,28.0,1.039804491922688,46,24.6,2.3,5.2,L,2.2,M,3.0,0.7,1.0,0.7,2.2,3.0,1.0,0.5,0.4,0.5,2.2,6.1
272,2,32.0,0.627417441301792,32,17.1,2.2,5.0,L,3.4,L,1.6,0.4,0.5,0.5,2.8,3.3,1.0,0.4,0.4,0.6,1.8,6.1
273,4,20.0,0.9985657868605985,9,17.9,2.3,5.3,L,2.4,L,2.9,0.6,0.7,0.4,1.9,2.2,1.4,0.5,0.2,1.2,1.6,6.1
274,1,20.0,1.039804491922688,33,17.3,2.4,5.5,L,1.6,M,3.9,0.7,1.0,0.7,3.0,3.7,0.7,0.3,0.2,0.8,1.4,6.1
275,3,23.0,1.0810431969847776,17,19.8,2.7,5.7,L,1.1,M,4.6,0.3,0.5,0.5,2.6,3.1,4.5,1.2,0.1,1.7,1.4,6.1
276,4,38.0,0.5449400311776127,38,18.1,2.1,5.8,L,3.6,L,2.3,0.8,1.0,0.2,2.6,2.7,1.0,0.5,0.3,0.9,1.9,6.1
277,0,26.0,0.21503039068089586,3,11.8,2.3,4.8,L,0.0,M,4.8,1.5,1.8,1.0,1.9,3.0,0.5,0.2,0.4,0.8,1.6,6.1
278,0,27.0,0.17379168561880626,17,14.6,2.5,5.3,L,0.0,M,5.3,0.9,1.1,1.3,3.3,4.6,0.5,0.3,0.6,0.9,2.3,6.0
279,4,24.0,-2.218053207982391,0,24.0,2.0,10.0,M,5.0,L,5.0,0.0,0.0,2.0,2.0,4.0,1.0,1.0,0.0,0.0,2.0,6.0
280,1,27.0,0.09131427549462703,6,18.2,2.2,5.4,L,1.8,M,3.6,0.9,1.1,0.9,3.4,4.3,1.9,0.4,0.5,1.0,1.9,6.0
281,5,26.0,0.008836865370447816,2,14.8,2.2,4.4,L,0.9,M,3.5,1.3,1.7,0.3,1.5,1.7,1.1,0.4,0.1,1.0,1.9,6.0
282,1,30.0,0.008836865370447816,7,16.0,2.3,6.3,L,2.6,M,3.7,0.7,1.2,0.9,2.6,3.5,1.6,0.6,0.9,1.4,2.1,6.0
283,1,28.0,0.9985657868605985,2,20.7,2.4,4.9,L,0.5,M,4.4,0.9,1.3,2.1,3.6,5.7,1.1,0.7,0.5,1.0,2.1,5.9
284,5,24.0,0.2975078008050751,6,15.8,2.0,5.2,L,2.0,L,3.2,1.1,1.5,0.4,1.6,2.0,1.5,0.6,0.2,0.9,1.5,5.9
285,5,32.0,1.0810431969847776,8,20.3,2.1,6.0,L,3.1,L,2.9,0.8,0.9,0.3,1.6,1.9,2.0,0.5,0.4,1.1,1.6,5.9
286,0,29.0,1.0810431969847776,81,23.2,2.2,5.1,L,0.0,M,5.0,1.4,1.8,1.6,3.3,4.9,1.2,0.4,1.4,0.9,3.1,5.9
287,0,27.0,-0.8159372358713444,9,12.5,2.3,4.4,L,0.0,M,4.4,1.3,2.9,1.1,2.7,3.8,0.7,0.4,0.4,0.7,1.3,5.9
288,3,23.0,1.0810431969847776,53,18.5,2.2,5.2,L,2.0,L,3.2,0.6,0.9,0.2,1.3,1.5,2.1,0.8,0.0,1.3,1.5,5.9
289,5,38.0,0.7098948514259712,7,17.5,2.1,5.2,L,3.6,L,1.6,0.4,0.5,0.2,0.9,1.1,1.4,0.7,0.1,0.7,1.3,5.9
290,4,21.0,-1.063369466243882,17,21.2,2.2,4.8,L,0.5,M,4.3,1.3,1.8,1.3,4.0,5.3,1.5,1.3,0.6,0.9,2.1,5.8
291,1,24.0,0.5861787362397024,2,14.4,2.1,4.3,L,0.2,M,4.1,1.5,2.1,1.2,2.7,4.0,0.6,0.5,0.3,0.6,1.7,5.8
292,5,25.0,-0.032401839691641794,5,24.4,2.1,5.6,L,2.7,L,2.9,0.7,0.9,0.6,3.2,3.8,1.7,1.0,0.4,1.1,2.2,5.8
293,0,33.0,-0.11487924981582101,36,14.7,2.4,4.3,L,0.0,M,4.3,1.0,1.3,1.3,3.0,4.3,0.5,0.3,0.8,0.9,1.8,5.8
294,3,28.0,0.4624626210534335,13,21.4,2.1,5.4,L,1.6,M,3.7,0.9,1.3,0.4,1.4,1.8,3.6,0.8,0.1,1.4,1.3,5.7
295,1,21.0,-1.1458468763680614,0,14.1,2.0,4.3,L,0.1,M,4.2,1.7,2.3,1.4,1.7,3.2,0.6,0.3,0.3,0.7,2.1,5.7
296,5,23.0,-1.6819500421752263,0,17.4,2.3,5.5,L,1.6,M,3.9,0.5,1.0,0.2,2.0,2.2,1.6,0.9,0.2,1.1,1.8,5.7
297,3,29.0,-1.3108016966164198,0,20.0,2.0,6.0,L,3.2,L,2.8,1.0,1.1,0.2,1.8,2.0,4.0,0.4,0.0,1.7,1.8,5.7
298,5,24.0,-0.48602759537462753,0,11.1,2.1,4.3,L,2.8,L,1.5,0.1,0.2,0.2,1.2,1.3,0.5,0.3,0.1,0.6,0.9,5.6
299,5,23.0,-1.6819500421752263,11,19.9,2.0,4.9,L,2.3,L,2.6,0.8,1.5,0.6,2.9,3.4,1.1,0.7,0.1,0.8,1.2,5.6
300,3,23.0,0.8748496716743296,6,16.6,2.0,5.1,L,1.3,M,3.8,1.3,1.6,0.3,1.6,1.9,2.3,0.7,0.1,1.1,1.3,5.6
301,1,22.0,-0.15611795487791064,1,13.8,2.2,4.4,L,0.9,M,3.5,1.0,1.5,1.2,1.4,2.6,0.6,0.4,0.8,0.6,1.8,5.6
302,5,30.0,0.5449400311776127,6,13.6,2.0,4.9,L,3.0,L,1.9,0.4,0.6,0.1,0.8,0.9,0.4,0.3,0.1,0.3,0.9,5.6
303,5,22.0,-0.23859536500208983,24,14.8,2.0,4.7,L,1.8,L,2.9,0.9,1.1,0.3,1.9,2.3,1.0,0.6,0.2,0.7,1.2,5.6
304,0,31.0,-0.7746985308092548,2,16.1,2.3,4.3,L,0.1,M,4.3,1.1,1.3,1.3,2.1,3.3,0.8,0.6,0.3,0.7,2.0,5.6
305,0,27.0,0.21503039068089586,5,13.3,2.2,3.8,L,0.0,M,3.8,1.0,1.4,1.4,3.4,4.8,0.8,0.8,1.1,1.1,2.3,5.5
306,0,23.0,1.1222819020468673,22,22.0,1.9,3.5,L,0.0,M,3.5,1.7,2.8,2.2,5.8,8.0,0.4,0.2,1.6,0.9,2.7,5.5
307,4,35.0,0.7923722615501504,5,17.9,1.9,4.2,L,2.3,L,1.9,0.8,1.2,0.2,1.5,1.7,0.8,0.4,0.2,0.6,1.7,5.5
308,0,27.0,-0.032401839691641794,4,9.4,1.9,3.2,L,0.0,M,3.2,1.6,2.1,1.4,2.2,3.6,0.4,0.2,0.4,0.5,1.0,5.5
309,1,23.0,0.3387465058671647,22,20.1,2.5,4.8,L,0.2,M,4.6,0.5,0.7,1.6,3.3,5.0,0.7,0.9,0.4,0.7,2.0,5.5
310,1,26.0,0.9985657868605985,28,20.2,2.4,4.7,L,0.0,M,4.7,0.6,0.9,2.1,3.3,5.4,1.0,0.3,0.5,0.9,1.9,5.4
311,0,31.0,0.627417441301792,66,20.7,2.5,4.0,L,0.0,M,4.0,0.3,0.7,1.7,5.3,7.0,2.3,0.5,1.6,1.2,3.2,5.4
312,3,32.0,0.2975078008050751,18,19.5,1.9,4.9,L,3.2,L,1.7,0.5,0.7,0.4,1.2,1.6,2.4,1.2,0.2,1.1,2.6,5.3
313,4,24.0,0.3799852109292543,33,20.3,2.0,5.3,L,2.4,L,2.9,0.5,0.5,0.3,2.8,3.1,1.0,0.3,0.3,0.8,1.6,5.3
314,1,30.0,0.7098948514259712,5,18.6,1.8,4.6,L,3.8,L,0.8,0.4,0.7,0.5,2.6,3.2,0.7,0.4,0.2,0.4,1.2,5.3
315,1,25.0,0.17379168561880626,29,14.8,2.0,3.6,L,0.8,M,2.8,0.8,1.2,1.1,2.1,3.2,0.5,0.5,0.4,0.5,1.7,5.2
316,1,27.0,0.21503039068089586,0,17.9,1.8,3.9,L,2.1,L,1.8,0.7,0.9,0.8,2.7,3.5,1.4,0.4,0.4,0.8,2.6,5.1
317,3,25.0,-0.15611795487791064,2,14.5,1.9,4.5,L,0.9,M,3.5,1.0,1.5,0.5,1.6,2.2,3.2,0.6,0.0,1.3,1.4,5.1
318,0,28.0,-0.857175940933434,2,10.9,2.3,3.9,L,0.0,M,3.9,0.5,1.1,1.6,2.4,3.9,0.1,0.1,0.8,0.6,1.4,5.1
319,0,27.0,0.25626909574298545,14,14.3,2.3,3.8,L,0.0,M,3.8,0.6,1.0,1.5,2.3,3.8,0.3,0.3,0.8,0.7,1.2,5.1
320,4,22.0,0.7511335564880608,40,15.9,1.9,4.3,L,0.9,M,3.5,1.1,1.7,0.6,2.0,2.6,0.6,0.3,0.5,1.0,1.9,5.1
321,1,31.0,0.2975078008050751,4,10.7,2.0,5.3,L,2.8,L,2.5,0.4,0.4,0.4,2.1,2.5,0.4,0.3,0.2,0.5,1.1,5.1
322,5,33.0,-1.7231887472373157,0,14.8,1.6,4.5,L,2.8,L,1.7,0.8,1.2,0.1,2.0,2.1,1.1,0.3,0.1,0.2,1.9,5.0
323,1,28.0,0.09131427549462703,32,16.2,2.0,4.2,L,1.2,M,3.1,0.7,1.2,0.5,1.7,2.2,1.2,0.5,0.6,0.9,1.5,5.0
324,3,21.0,0.09131427549462703,1,12.2,2.0,4.9,L,1.9,L,2.9,0.3,0.4,0.2,1.3,1.5,1.9,0.6,0.1,0.8,1.4,5.0
325,4,36.0,-0.8159372358713444,5,16.9,1.6,5.1,L,2.4,L,2.7,1.1,1.6,0.5,2.0,2.5,0.8,0.6,0.3,0.4,1.9,5.0
326,5,31.0,0.25626909574298545,25,14.9,1.7,4.5,L,2.3,L,2.2,0.5,0.6,0.4,2.0,2.4,1.4,0.6,0.1,0.7,1.4,4.9
327,3,22.0,-1.7644274522994055,0,13.3,1.6,4.5,L,0.8,M,3.7,1.6,2.8,0.3,1.1,1.4,1.8,0.3,0.0,0.6,1.7,4.8
328,1,25.0,0.4212239159913439,1,11.8,2.0,4.2,L,0.3,M,3.8,0.7,0.9,1.2,2.7,3.8,1.1,0.3,0.8,0.9,1.6,4.8
329,5,24.0,0.627417441301792,70,22.2,1.9,3.9,L,1.5,M,2.4,0.5,0.8,1.1,2.5,3.6,0.7,0.8,0.6,0.5,1.9,4.8
330,1,20.0,-1.26956299155433,4,15.1,1.8,4.5,L,1.4,L,3.1,0.5,1.0,1.0,1.8,2.8,0.4,1.2,0.5,0.6,1.6,4.7
331,1,25.0,-0.650982415622986,2,10.9,1.9,3.4,L,0.0,M,3.4,0.8,1.4,1.3,1.9,3.1,0.3,0.2,0.8,0.4,1.2,4.7
332,3,33.0,-0.4447888903125379,5,16.1,2.0,4.5,L,1.0,M,3.5,0.4,0.5,0.2,1.5,1.6,2.6,0.3,0.0,1.2,1.2,4.7
333,4,22.0,0.9573270817985089,11,16.0,1.8,3.8,L,0.5,M,3.3,0.8,1.1,0.3,2.8,3.1,1.6,0.8,0.4,0.8,1.2,4.5
334,3,21.0,-0.3623114801883587,7,14.2,1.8,4.1,L,0.8,M,3.2,0.5,0.7,0.3,1.3,1.6,2.1,0.5,0.0,1.0,1.4,4.5
335,4,28.0,0.7511335564880608,38,22.4,1.8,3.5,L,0.8,M,2.7,0.6,0.9,0.8,2.5,3.4,1.0,0.9,0.2,0.8,2.3,4.5
336,5,26.0,-0.0736405447537314,5,14.6,1.7,4.3,L,2.0,L,2.3,0.5,0.7,0.2,1.5,1.7,1.1,0.6,0.4,0.7,1.2,4.5
337,3,32.0,-0.0736405447537314,0,16.4,1.8,4.3,L,1.2,M,3.2,0.5,0.5,0.3,1.4,1.7,3.4,0.5,0.1,1.5,1.4,4.5
338,3,24.0,-1.3520404016785093,1,8.9,1.5,3.5,L,1.0,L,2.5,1.0,1.3,0.2,0.7,0.9,1.1,0.1,0.0,0.7,0.8,4.5
339,0,30.0,-1.7644274522994055,3,13.0,1.6,4.2,L,0.0,M,4.2,1.3,1.7,0.6,1.2,1.8,0.9,0.1,0.0,0.8,1.8,4.5
340,3,35.0,0.13255298055671663,2,17.0,1.6,4.1,L,2.6,L,1.5,0.3,0.3,0.2,1.4,1.5,3.4,0.4,0.1,1.4,1.2,4.4
341,0,26.0,0.13255298055671663,20,12.2,1.7,3.1,L,0.0,M,3.1,1.0,1.3,1.2,2.8,3.9,0.2,0.4,0.8,0.6,1.9,4.4
342,1,28.0,0.9573270817985089,0,15.1,1.5,3.7,L,1.4,L,2.3,0.8,1.0,1.0,2.7,3.7,0.8,0.3,0.3,0.7,1.8,4.4
343,3,23.0,-1.9706209776098536,4,24.1,2.0,5.6,L,0.7,M,4.9,0.4,0.6,1.1,2.4,3.6,3.0,1.3,0.4,1.3,1.7,4.4
344,0,30.0,-1.063369466243882,2,21.9,1.8,4.6,L,0.0,M,4.6,0.8,1.6,3.0,5.8,8.8,3.8,0.6,1.0,1.8,2.7,4.3
345,1,24.0,0.6686561463638816,7,12.9,1.8,4.1,L,0.0,M,4.1,0.7,1.5,1.9,3.1,5.1,0.6,0.5,0.5,1.0,1.6,4.3
346,3,31.0,-0.8984146459955236,2,19.9,1.4,4.2,L,1.5,L,2.7,1.0,1.2,0.3,1.7,2.0,2.7,0.6,0.2,0.8,1.5,4.3
347,0,25.0,-0.15611795487791064,10,12.9,1.7,3.2,L,0.0,M,3.1,0.8,1.2,1.1,2.3,3.4,0.4,0.4,1.0,0.5,1.5,4.3
348,4,24.0,0.17379168561880626,3,14.7,1.6,3.5,L,1.3,L,2.3,0.6,0.7,0.7,2.2,2.8,1.0,0.6,0.2,0.6,1.2,4.2
349,4,28.0,1.0810431969847776,2,15.3,1.5,3.6,L,2.6,L,1.0,0.2,0.2,0.2,1.6,1.9,1.2,0.7,0.0,0.8,1.2,4.2
350,3,19.0,-0.7334598257471652,0,15.5,1.5,4.2,L,1.4,L,2.8,0.8,1.1,0.2,1.1,1.3,2.9,0.8,0.1,0.9,0.9,4.2
351,1,24.0,-0.7746985308092548,0,13.1,1.5,4.1,L,1.0,L,3.1,1.0,1.5,0.6,2.8,3.4,0.6,0.4,0.3,0.5,1.1,4.2
352,5,30.0,0.7098948514259712,25,14.7,1.5,3.6,L,2.2,L,1.4,0.3,0.4,0.3,2.2,2.5,0.8,0.3,0.3,0.5,0.8,4.2
353,0,36.0,-1.5582339269889574,1,13.2,1.8,4.2,L,0.1,M,4.2,0.5,0.5,0.5,3.2,3.7,1.1,0.5,0.5,0.6,1.9,4.1
354,4,27.0,0.4624626210534335,2,14.1,1.6,3.6,L,1.3,L,2.3,0.6,0.8,0.7,1.6,2.3,1.0,0.5,0.2,0.7,0.9,4.1
355,5,24.0,-0.48602759537462753,3,11.2,1.7,3.7,L,1.2,L,2.5,0.5,0.6,0.2,1.1,1.3,0.8,0.2,0.0,0.6,0.5,4.1
356,0,29.0,0.5449400311776127,64,17.3,1.5,2.9,L,0.0,M,2.9,0.9,1.6,1.8,4.3,6.1,0.4,0.3,0.3,0.9,1.8,4.0
357,4,23.0,-1.063369466243882,11,20.7,1.3,4.3,L,2.4,L,1.9,0.6,0.7,0.3,2.1,2.4,0.7,0.5,0.2,0.5,1.2,4.0
358,1,24.0,-2.218053207982391,0,6.0,2.0,2.0,L,0.0,M,2.0,0.0,0.0,1.0,0.0,1.0,0.0,0.0,0.0,0.0,1.0,4.0
359,5,22.0,-0.6922211206850756,2,10.1,1.4,3.4,L,1.3,L,2.1,0.8,1.1,0.1,1.1,1.2,0.7,0.2,0.0,0.5,0.7,4.0
360,3,30.0,-0.15611795487791064,0,9.2,1.5,3.2,L,0.8,L,2.4,0.8,0.9,0.1,0.7,0.8,1.1,0.2,0.0,0.5,0.7,4.0
361,0,37.0,-1.1458468763680614,15,14.9,1.4,2.7,L,0.5,L,2.1,0.9,1.3,1.3,2.3,3.6,0.4,0.6,0.5,0.3,1.1,3.9
362,0,26.0,-0.27983407006417943,0,11.0,1.8,4.3,L,0.0,M,4.2,0.4,0.5,0.6,2.0,2.6,1.0,0.2,0.8,0.9,1.4,3.9
363,4,22.0,0.008836865370447816,9,11.8,1.3,3.2,L,1.5,L,1.7,0.8,1.0,0.3,2.1,2.4,0.5,0.3,0.5,0.4,0.8,3.8
364,4,22.0,-0.4035501852504483,4,11.3,1.4,3.4,L,0.8,L,2.5,0.6,0.9,0.3,1.2,1.5,0.6,0.4,0.2,0.4,0.5,3.8
365,3,23.0,-1.1458468763680614,1,8.5,1.3,3.0,L,0.5,L,2.5,1.0,1.3,0.3,1.1,1.4,1.1,0.3,0.1,0.6,0.3,3.8
366,3,23.0,-0.5685050054988067,0,9.4,1.5,4.1,L,1.1,L,3.0,0.5,0.6,0.1,1.1,1.2,1.6,0.4,0.0,0.8,0.7,3.8
367,4,35.0,-1.5582339269889574,1,10.4,1.5,3.5,L,1.1,L,2.4,0.6,0.7,0.3,1.0,1.3,0.6,0.5,0.1,0.2,1.1,3.7
368,5,26.0,-1.9706209776098536,1,14.4,1.3,4.9,L,1.4,L,3.4,0.9,1.1,0.6,1.6,2.1,0.3,0.4,0.4,0.6,1.3,3.7
369,4,35.0,-0.27983407006417943,0,9.6,1.2,3.0,L,2.2,L,0.8,0.4,0.5,0.2,0.9,1.0,0.3,0.2,0.2,0.3,1.0,3.7
370,3,24.0,-1.0221307611817925,6,13.3,1.4,3.9,L,1.6,L,2.3,0.3,0.4,0.1,0.9,0.9,2.4,0.5,0.1,1.4,1.0,3.7
371,0,29.0,-0.857175940933434,6,11.7,1.4,2.3,L,0.0,L,2.3,0.8,1.4,1.2,2.4,3.6,0.3,0.2,1.1,0.7,1.6,3.7
372,3,39.0,-0.650982415622986,4,11.8,1.5,2.7,L,0.2,M,2.5,0.6,0.8,0.3,1.0,1.3,2.2,0.4,0.0,0.9,1.2,3.7
373,3,24.0,0.008836865370447816,0,10.9,1.2,3.7,L,1.9,L,1.8,0.6,0.8,0.2,0.8,1.0,1.8,0.4,0.0,0.8,0.7,3.7
374,4,20.0,0.3387465058671647,9,10.7,1.4,3.3,L,1.3,L,2.1,0.5,0.8,0.4,1.7,2.1,0.2,0.3,0.1,0.5,1.6,3.7
375,5,24.0,0.4624626210534335,1,8.8,1.3,3.1,L,1.3,L,1.8,0.4,0.5,0.2,0.8,1.0,1.0,0.3,0.2,0.7,0.9,3.6
376,1,22.0,-0.650982415622986,1,9.7,1.5,2.3,L,0.0,M,2.3,0.6,1.2,0.6,1.0,1.7,0.4,0.3,0.3,0.4,1.2,3.6
377,1,28.0,-0.5272663004367171,1,14.2,1.3,3.5,L,1.2,L,2.4,0.7,1.0,0.5,2.0,2.5,1.9,0.4,0.2,0.7,1.6,3.6
378,4,23.0,-1.393279106740599,0,14.5,1.2,3.3,L,1.9,L,1.4,0.6,0.8,0.4,1.1,1.5,0.7,0.3,0.3,0.3,1.9,3.6
379,1,20.0,0.9573270817985089,56,15.1,1.5,3.6,L,0.6,L,3.0,0.5,0.7,1.2,2.7,3.9,0.4,0.3,0.3,0.6,1.9,3.6
380,1,20.0,-1.5582339269889574,0,8.5,1.3,3.1,L,0.6,L,2.5,0.8,1.2,0.8,1.5,2.2,0.2,0.3,0.4,0.1,0.6,3.6
381,5,21.0,-2.1768145029203017,0,7.5,1.0,3.0,L,0.5,L,2.5,1.5,2.5,0.0,1.0,1.0,1.5,1.5,0.0,1.0,1.0,3.5
382,5,26.0,-0.15611795487791064,15,14.1,1.3,3.5,L,1.7,L,1.8,0.4,0.6,0.3,1.4,1.7,0.8,0.4,0.3,0.8,1.1,3.5
383,0,26.0,-1.2283242864922406,1,12.8,1.2,3.0,L,0.0,L,3.0,1.0,1.5,1.3,1.6,2.9,0.6,0.2,0.4,0.5,1.7,3.5
384,0,24.0,-0.650982415622986,0,12.7,1.5,2.7,L,0.0,M,2.7,0.5,1.2,1.1,2.9,4.0,0.4,0.4,0.5,0.6,2.0,3.4
385,0,23.0,-0.9808920561197029,4,10.4,1.3,2.3,L,0.1,L,2.2,0.8,1.1,1.0,2.3,3.3,0.8,0.2,0.4,0.4,1.0,3.4
386,0,31.0,-0.7334598257471652,12,12.4,1.3,2.1,L,0.0,L,2.1,0.7,1.1,1.3,1.4,2.6,0.3,0.2,0.6,0.6,1.7,3.4
387,4,27.0,0.5449400311776127,2,14.4,1.3,3.3,L,1.4,L,1.8,0.4,0.6,0.7,1.3,2.1,0.4,0.4,0.1,0.5,1.8,3.4
388,4,24.0,-0.7334598257471652,0,11.6,1.2,2.6,L,1.4,L,1.2,0.4,0.4,0.4,1.5,1.8,0.7,0.3,0.1,0.2,0.8,3.3
389,3,24.0,-0.5685050054988067,6,11.6,1.3,3.6,L,1.0,L,2.5,0.3,0.4,0.2,1.0,1.1,1.5,0.3,0.2,0.6,0.7,3.3
390,0,24.0,0.21503039068089586,0,9.4,1.3,2.5,L,0.7,L,1.9,0.5,0.7,0.6,1.3,2.0,0.6,0.2,0.5,0.5,1.2,3.3
391,3,24.0,-1.3108016966164198,0,12.3,1.3,3.4,L,0.8,L,2.6,0.6,1.1,0.1,1.2,1.3,3.3,0.8,0.2,1.4,1.2,3.3
392,1,39.0,-0.6922211206850756,38,14.6,1.4,3.0,L,0.0,L,3.0,0.4,0.6,0.4,3.6,3.9,1.6,0.7,0.3,0.4,1.8,3.2
393,1,29.0,0.83361096661224,61,17.0,1.3,2.8,L,0.5,L,2.2,0.4,0.8,0.8,1.5,2.3,0.4,0.6,0.3,0.5,1.3,3.1
394,0,29.0,-0.3210727751262691,7,10.0,1.1,2.3,L,0.3,L,2.0,0.8,1.1,0.7,2.2,2.9,0.6,0.3,0.4,0.3,1.7,3.1
395,5,19.0,0.627417441301792,6,14.3,1.2,3.8,L,2.1,L,1.7,0.2,0.2,0.2,1.1,1.3,0.6,0.4,0.2,0.4,1.0,3.1
396,4,23.0,-2.1768145029203017,0,3.0,1.5,2.0,L,0.5,M,1.5,0.0,0.0,0.0,0.5,0.5,0.0,0.0,0.0,0.0,1.0,3.0
397,3,35.0,-0.3623114801883587,7,13.7,1.1,2.8,L,1.3,L,1.5,0.3,0.3,0.2,1.3,1.5,1.6,0.3,0.0,0.7,1.4,3.0
398,1,22.0,0.4624626210534335,4,13.0,1.3,3.2,L,0.0,L,3.2,0.4,0.6,1.0,1.7,2.7,0.5,0.3,0.1,0.5,1.5,3.0
399,5,25.0,-1.3108016966164198,0,7.3,1.1,2.9,L,1.0,L,1.9,0.4,0.5,0.0,0.5,0.5,0.4,0.4,0.1,0.1,0.7,3.0
400,4,25.0,0.627417441301792,2,12.2,1.0,2.8,L,1.4,L,1.4,0.5,0.6,0.4,1.5,1.9,0.6,0.5,0.3,0.6,1.4,2.9
401,1,23.0,-0.5685050054988067,1,6.4,1.1,2.0,L,0.0,L,2.0,0.6,1.2,0.7,0.7,1.4,0.4,0.2,0.2,0.4,1.0,2.9
402,4,35.0,0.9160883767364192,44,19.0,1.3,3.0,L,0.3,L,2.7,0.2,0.2,0.4,1.5,1.9,0.9,0.5,0.2,0.4,0.8,2.9
403,1,23.0,-1.8469048624235846,0,6.8,1.0,2.4,L,0.0,L,2.4,0.9,1.4,1.4,2.4,3.8,0.5,0.4,0.5,0.6,1.5,2.9
404,3,27.0,-1.9293822725477638,0,6.3,1.1,2.5,L,1.1,L,1.4,0.4,0.5,0.1,0.1,0.3,0.5,0.8,0.3,0.9,0.5,2.8
405,1,24.0,-2.0530983877340327,0,11.0,1.0,2.4,L,1.2,L,1.2,0.0,0.8,0.4,1.6,2.0,0.0,0.2,0.4,0.6,0.6,2.8
406,1,25.0,-1.9293822725477638,0,6.3,1.1,2.8,L,0.1,L,2.6,0.5,0.8,0.8,1.3,2.0,0.0,0.0,0.1,0.0,1.0,2.8
407,0,33.0,-1.599472632051047,2,7.0,1.3,2.7,L,0.3,L,2.4,0.2,0.2,0.4,1.1,1.5,0.7,0.1,0.1,0.5,0.9,2.8
408,1,28.0,-1.9293822725477638,0,9.1,1.1,3.4,L,0.0,L,3.4,0.5,1.5,2.4,1.1,3.5,0.3,0.1,0.6,0.0,1.5,2.8
409,4,36.0,-0.3623114801883587,0,9.4,1.1,2.3,L,1.1,L,1.2,0.2,0.3,0.1,1.2,1.2,0.5,0.3,0.5,0.2,0.2,2.7
410,5,24.0,-0.4447888903125379,3,9.3,0.8,2.4,L,0.9,L,1.5,0.8,1.3,0.1,0.8,0.9,0.5,0.3,0.0,0.5,0.9,2.7
411,1,34.0,-1.0221307611817925,0,10.2,1.1,3.4,L,1.4,L,2.1,0.3,0.5,0.9,1.9,2.8,0.4,0.3,0.4,0.4,1.3,2.7
412,5,22.0,-0.7746985308092548,0,8.8,1.0,2.7,L,1.8,L,1.0,0.2,0.2,0.1,1.0,1.0,0.4,0.4,0.1,0.3,0.8,2.7
413,1,26.0,-2.0530983877340327,0,7.0,0.8,2.0,L,1.8,L,0.2,0.2,0.4,0.0,0.2,0.2,0.0,0.2,0.0,0.4,0.6,2.6
414,4,25.0,-1.1870855814301509,6,11.3,0.9,2.5,L,1.2,L,1.3,0.3,0.5,0.3,1.2,1.5,0.6,0.5,0.2,0.8,0.9,2.6
415,0,33.0,-0.0736405447537314,0,9.4,1.0,2.3,L,0.0,L,2.3,0.6,0.9,0.7,2.0,2.7,0.7,0.3,0.2,0.4,1.3,2.6
416,0,35.0,-1.0221307611817925,2,6.9,1.0,1.9,L,1.1,L,0.8,0.1,0.1,0.1,0.8,0.9,0.3,0.2,0.0,0.1,0.5,2.5
417,3,25.0,-1.9293822725477638,0,7.6,1.0,3.1,L,1.0,L,2.1,0.4,0.5,0.0,0.9,0.9,1.4,0.4,0.1,1.1,0.5,2.5
418,1,24.0,-0.11487924981582101,2,9.3,1.0,2.8,L,0.6,L,2.2,0.3,0.5,0.4,1.8,2.1,0.6,0.3,0.2,0.7,1.5,2.5
419,0,31.0,-0.7334598257471652,5,14.6,1.1,2.0,L,0.0,L,2.0,0.3,0.7,0.7,2.8,3.5,0.8,0.3,0.3,1.1,1.7,2.5
420,3,38.0,0.17379168561880626,3,13.9,0.9,2.5,L,1.6,L,0.9,0.1,0.1,0.6,1.3,1.9,2.2,0.9,0.0,0.8,1.4,2.5
421,6,29.0,-0.48602759537462753,0,11.6,1.0,2.6,L,1.0,L,1.6,0.2,0.3,0.2,1.1,1.2,1.1,0.2,0.0,1.0,1.1,2.5
422,4,24.0,-1.1870855814301509,0,5.7,0.8,2.5,L,1.8,L,0.7,0.3,0.3,0.1,0.8,0.9,0.2,0.2,0.0,0.0,0.2,2.4
423,4,28.0,-1.0221307611817925,2,8.4,0.9,1.6,L,0.5,L,1.1,0.5,0.7,0.4,1.4,1.8,0.1,0.2,0.3,0.2,0.6,2.4
424,1,30.0,-0.4447888903125379,0,7.8,0.7,1.6,L,0.1,L,1.5,0.9,1.5,0.9,1.1,2.0,0.2,0.3,0.2,0.3,1.3,2.4
425,4,22.0,-0.6097437105608964,5,10.0,0.8,1.9,L,0.9,L,0.9,0.7,0.7,0.2,1.3,1.5,0.9,0.2,0.1,0.6,0.7,2.4
426,4,22.0,-0.7334598257471652,1,6.4,0.8,1.9,L,0.7,L,1.3,0.6,0.8,0.4,0.7,1.1,0.3,0.2,0.2,0.5,0.8,2.4
427,1,32.0,-1.8469048624235846,0,4.4,0.8,1.8,L,1.5,L,0.3,0.1,0.1,0.0,0.5,0.5,0.0,0.0,0.0,0.1,0.3,2.4
428,5,24.0,-0.8159372358713444,0,11.3,0.8,2.3,L,1.4,L,0.9,0.5,0.6,0.1,1.3,1.4,1.1,0.3,0.1,0.7,1.3,2.4
429,1,25.0,-1.5169952219268679,0,10.7,1.0,1.8,L,0.0,L,1.8,0.4,0.9,0.7,1.7,2.3,0.3,0.2,0.1,0.4,1.6,2.4
430,4,29.0,-0.8984146459955236,0,8.4,0.8,1.9,L,1.5,L,0.4,0.2,0.2,0.2,0.5,0.6,0.3,0.1,0.0,0.4,1.0,2.3
431,0,23.0,-1.805666157361495,0,6.6,1.0,1.7,L,0.0,L,1.7,0.3,0.7,0.6,1.3,1.9,0.3,0.1,0.5,0.5,0.7,2.3
432,0,23.0,-1.063369466243882,1,7.8,1.0,1.5,L,0.1,L,1.4,0.3,0.5,0.6,1.0,1.6,0.2,0.4,0.4,0.4,1.0,2.2
433,0,26.0,-1.063369466243882,0,7.5,1.0,2.3,L,0.0,L,2.3,0.2,0.4,0.7,1.3,2.0,0.4,0.3,0.1,0.5,1.8,2.1
434,1,35.0,0.17379168561880626,4,11.8,0.8,1.8,L,0.0,L,1.8,0.4,0.6,1.2,1.7,2.9,0.9,0.3,0.3,0.8,1.8,2.1
435,1,31.0,-1.26956299155433,1,6.5,0.7,2.1,L,1.5,L,0.6,0.3,0.3,0.0,0.4,0.4,0.5,0.1,0.0,0.3,0.7,2.1
436,5,23.0,-1.1046081713059717,0,8.9,0.8,2.5,L,1.1,L,1.4,0.4,0.9,0.2,1.1,1.4,0.4,0.5,0.0,0.3,0.9,2.1
437,4,23.0,-2.1355757978582117,0,2.0,0.7,1.3,L,0.7,L,0.7,0.0,0.0,0.0,0.3,0.3,0.0,0.0,0.0,0.3,0.0,2.0
438,0,32.0,-2.1768145029203017,0,12.0,0.5,1.0,L,0.0,L,1.0,1.0,1.0,0.0,4.0,4.0,1.0,0.0,0.0,1.5,3.0,2.0
439,0,26.0,-1.7644274522994055,0,6.8,0.9,2.1,L,0.2,L,1.9,0.2,0.2,0.5,0.8,1.3,0.2,0.1,0.2,0.7,1.6,2.0
440,0,25.0,-1.5169952219268679,2,5.7,0.7,2.2,L,0.3,L,1.9,0.4,0.4,0.2,1.3,1.6,0.3,0.1,0.2,0.2,1.1,1.9
441,1,33.0,-1.063369466243882,0,7.0,0.7,1.8,L,0.0,L,1.8,0.5,0.9,0.8,0.9,1.7,0.4,0.2,0.2,0.5,1.5,1.8
442,0,28.0,-1.5582339269889574,0,6.3,0.7,1.4,L,0.1,L,1.3,0.4,0.4,0.2,1.1,1.3,0.3,0.0,0.2,0.4,1.1,1.8
443,4,24.0,-1.5582339269889574,2,9.1,0.7,2.4,L,0.9,L,1.5,0.2,0.2,0.2,1.3,1.5,0.4,0.1,0.2,0.5,0.9,1.8
444,3,27.0,-1.7644274522994055,0,5.3,0.5,0.9,L,0.2,L,0.8,0.8,0.9,0.0,0.6,0.6,1.4,0.3,0.0,0.5,0.3,1.8
445,4,20.0,-1.4345178118026884,1,7.8,0.7,1.9,L,0.7,L,1.2,0.4,0.4,0.1,1.5,1.6,0.5,0.3,0.2,0.6,0.6,1.8
446,1,19.0,-2.0530983877340327,0,4.2,0.8,1.4,L,0.4,L,1.0,0.0,0.0,0.8,1.2,2.0,0.0,0.0,0.0,0.2,0.4,1.8
447,5,28.0,-1.4345178118026884,0,8.7,0.6,2.0,L,0.6,L,1.4,0.7,0.9,0.3,1.5,1.8,1.0,0.4,0.2,0.5,1.7,1.8
448,3,21.0,-0.650982415622986,0,8.0,0.7,2.7,L,0.7,L,2.0,0.2,0.3,0.6,1.0,1.6,0.9,0.2,0.0,0.5,0.6,1.8
449,1,35.0,-0.7334598257471652,0,7.0,0.6,1.6,L,0.2,L,1.4,0.3,0.4,0.3,1.8,2.0,0.4,0.1,0.1,0.1,0.7,1.6
450,0,38.0,-2.0530983877340327,0,3.8,0.6,1.0,L,0.0,L,1.0,0.4,0.4,0.2,0.6,0.8,0.0,0.0,0.0,0.6,0.8,1.6
451,1,24.0,-1.9706209776098536,0,5.9,0.7,1.6,L,0.3,L,1.3,0.1,0.3,0.7,1.0,1.7,0.4,0.1,0.1,0.7,1.0,1.6
452,3,26.0,-2.0530983877340327,0,9.0,0.4,2.0,L,0.8,L,1.2,0.6,0.8,0.2,0.6,0.8,0.8,0.0,0.0,0.2,0.4,1.6
453,1,22.0,-1.4757565168647782,0,4.4,0.4,1.4,L,0.7,L,0.7,0.5,0.5,0.3,0.9,1.2,0.0,0.3,0.0,0.2,0.4,1.5
454,5,26.0,-2.0118596826719433,0,3.0,0.3,0.8,L,0.3,L,0.5,0.7,0.8,0.0,0.0,0.0,0.2,0.2,0.0,0.3,0.3,1.5
455,3,24.0,-1.6407113371131365,0,4.4,0.5,1.5,L,0.3,L,1.1,0.5,0.9,0.1,0.5,0.6,0.7,0.3,0.1,0.5,0.3,1.5
456,3,24.0,-1.8881435674856744,0,4.7,0.6,1.4,L,0.6,L,0.9,0.2,0.2,0.3,0.3,0.7,0.3,0.1,0.0,0.0,0.4,1.4
457,1,20.0,-1.9293822725477638,0,4.5,0.6,1.3,L,0.0,L,1.3,0.0,0.0,0.3,0.5,0.8,0.0,0.1,0.3,0.1,0.1,1.3
458,1,23.0,-1.4345178118026884,0,3.6,0.6,1.2,L,0.2,L,1.0,0.2,0.5,0.2,0.7,0.9,0.2,0.1,0.1,0.4,0.5,1.3
459,1,21.0,-1.599472632051047,0,3.6,0.5,1.4,L,0.0,L,1.4,0.3,0.6,0.4,0.4,0.8,0.1,0.0,0.7,0.1,0.3,1.3
460,4,35.0,-0.3210727751262691,2,7.9,0.5,1.3,L,1.1,L,0.2,0.0,0.0,0.1,1.0,1.1,0.9,0.3,0.1,0.4,1.1,1.3
461,3,23.0,-2.0530983877340327,0,5.4,0.4,1.6,L,0.6,L,1.0,0.4,0.4,0.0,0.2,0.2,0.2,0.2,0.0,0.6,1.0,1.2
462,5,22.0,-1.7644274522994055,0,3.5,0.4,1.6,L,0.8,L,0.8,0.3,0.3,0.0,0.3,0.3,0.1,0.0,0.0,0.3,0.1,1.2
463,5,23.0,-0.857175940933434,0,4.2,0.4,1.4,L,0.6,L,0.8,0.1,0.1,0.3,0.6,0.9,0.3,0.1,0.0,0.3,0.2,1.1
464,3,23.0,-1.9293822725477638,0,4.9,0.5,1.3,L,0.4,L,0.9,0.0,0.0,0.0,0.0,0.0,0.4,0.4,0.0,0.6,0.3,1.0
465,1,24.0,-1.9293822725477638,0,6.0,0.4,0.8,L,0.0,L,0.8,0.3,0.5,0.4,1.0,1.4,0.1,0.0,0.5,0.4,0.5,1.0
466,0,22.0,-1.9706209776098536,0,2.6,0.4,0.7,L,0.0,L,0.7,0.1,0.3,0.1,0.4,0.6,0.1,0.1,0.0,0.0,0.1,1.0
467,5,20.0,-1.063369466243882,0,6.9,0.4,1.2,L,0.9,L,0.3,0.0,0.1,0.1,0.8,0.9,0.3,0.2,0.0,0.2,0.6,1.0
468,0,33.0,-1.4757565168647782,0,5.1,0.3,0.5,L,0.0,L,0.5,0.3,0.4,0.4,0.7,1.1,0.1,0.1,0.6,0.1,0.8,0.9
469,5,21.0,-1.393279106740599,0,4.4,0.2,0.9,L,0.5,L,0.4,0.2,0.6,0.2,0.5,0.7,0.1,0.3,0.0,0.2,0.5,0.9
470,0,30.0,-1.2283242864922406,0,3.8,0.4,0.7,L,0.0,L,0.7,0.2,0.4,0.5,0.6,1.0,0.1,0.2,0.2,0.3,0.4,0.9
471,1,22.0,-2.0118596826719433,0,4.8,0.3,0.8,L,0.0,L,0.8,0.2,0.2,0.3,0.3,0.7,0.0,0.0,0.2,0.0,0.3,0.8
472,5,24.0,-2.0530983877340327,0,3.0,0.2,0.8,L,0.8,L,0.0,0.0,0.0,0.0,0.6,0.6,0.4,0.0,0.0,0.2,0.2,0.6
473,4,20.0,-2.0118596826719433,1,7.2,0.2,2.0,L,1.2,L,0.8,0.0,0.0,0.2,0.2,0.3,0.2,0.3,0.2,0.7,0.3,0.5
474,4,21.0,-2.1355757978582117,0,2.0,0.0,0.0,L,0.0,L,0.0,0.0,0.0,0.0,0.3,0.3,0.0,0.3,0.0,0.0,0.0,0.0
475,4,23.0,-2.1768145029203017,0,3.0,0.0,0.5,L,0.0,L,0.5,0.0,0.0,0.0,0.5,0.5,0.0,0.5,0.0,0.0,0.5,0.0
476,3,31.0,-2.1768145029203017,1,11.5,0.0,0.5,L,0.5,L,0.0,0.0,0.0,0.0,0.0,0.0,2.0,0.5,0.0,0.0,2.5,0.0
